Storm Name,Minimum Pressure,Max Wind Speed,Damage,Damage String,Wiki
Bret,1007,50,2960000,$2.960.000,https://en.wikipedia.org/wiki/Tropical_Storm_Bret_(2017)
Cindy,991,60,25000000,$25.000.000,https://en.wikipedia.org/wiki/Tropical_Storm_Cindy_(2017)
Emily,1001,60,10000000,$10.000.000,https://en.wikipedia.org/wiki/Tropical_Storm_Emily_(2017)
Franklin,981,85,15000000,$15.000.000,https://en.wikipedia.org/wiki/Hurricane_Franklin
Harvey,937,130,125000000000,$125.000.000.000,https://en.wikipedia.org/wiki/Hurricane_Harvey
Irma,914,180,77160000000,$77.160.000.000,https://en.wikipedia.org/wiki/Hurricane_Irma
Jose,938,155,2840000,$2.840.000,https://en.wikipedia.org/wiki/Hurricane_Jose_(2017)
Katia,972,105,3250000,$3.250.000,https://en.wikipedia.org/wiki/Hurricane_Katia_(2017)
Maria,908,175,91610000000,$91.610.000.000,https://en.wikipedia.org/wiki/Hurricane_Maria
Nate,981,90,787000000,$787.000.000,https://en.wikipedia.org/wiki/Hurricane_Nate
Ophelia,959,115,65300000,$65.300.000,https://en.wikipedia.org/wiki/Hurricane_Ophelia_(2017)