Storm Name,ACE,Wiki
Arlene,0.81,http://www.nhc.noaa.gov/data/tcr/AL012017_Arlene.pdf
Bret,0.5225,https://www.nhc.noaa.gov/data/tcr/AL022017_Bret.pdf
Cindy,0.81,https://www.nhc.noaa.gov/data/tcr/AL032017_Cindy.pdf
Don,0.5225,http://www.nhc.noaa.gov/data/tcr/AL052017_Don.pdf
Emily,1.8425,http://www.nhc.noaa.gov/data/tcr/AL062017_Emily.pdf
Franklin,0.7675,http://www.nhc.noaa.gov/data/tcr/AL072017_Franklin.pdf
Gert,7.805,http://www.nhc.noaa.gov/data/tcr/AL082017_Gert.pdf
Harvey,11.4425,http://www.nhc.noaa.gov/data/tcr/AL092017_Harvey.pdf
Irma,64.8925,http://www.nhc.noaa.gov/data/tcr/AL112017_Irma.pdf
Jose,43.28,http://www.nhc.noaa.gov/data/tcr/AL122017_Jose.pdf
Katia,6.055,http://www.nhc.noaa.gov/data/tcr/AL132017_Katia.pdf
Lee,17.925,http://www.nhc.noaa.gov/data/tcr/AL142017_Lee.pdf
Maria,44.805,http://www.nhc.noaa.gov/data/tcr/AL152017_Maria.pdf
Nate,4.13,http://www.nhc.noaa.gov/data/tcr/AL162017_Nate.pdf
Ophelia,14.5225,http://www.nhc.noaa.gov/data/tcr/AL172017_Ophelia.pdf
Phillipe,0.1225,https://www.nhc.noaa.gov/data/tcr/AL182017_Philippe.pdf
Rina,1.6625,http://www.nhc.noaa.gov/data/tcr/AL192017_Rina.pdf
