﻿Season,Tropical Depressions,Named Storms,Hurricanes,Category ≥2,Major hurricanes (Category≥3),Category≥4,Category 5,Strongest Storm,Wiki
1967,29,8,6,2,1,1,1,Beulah,https://en.wikipedia.org/wiki/Hurricane_Beulah
1968,14,8,5,0,0,0,0,Gladys,https://en.wikipedia.org/wiki/Hurricane_Gladys_(1968)
1969,20,18,12,7,5,1,1,Camille,https://en.wikipedia.org/wiki/Hurricane_Camille
1970,19,10,5,3,2,0,0,Celia,https://en.wikipedia.org/wiki/Hurricane_Celia
1971,22,13,6,2,1,1,1,Edith,https://en.wikipedia.org/wiki/Hurricane_Edith_(1971)
1972,19,7,3,1,0,0,0,Betty,https://en.wikipedia.org/wiki/1972_Atlantic_hurricane_season#Hurricane_Betty
1973,24,8,4,1,1,0,0,Ellen,https://en.wikipedia.org/wiki/1973_Atlantic_hurricane_season#Hurricane_Ellen
1974,21,11,4,3,2,1,0,Carmen,https://en.wikipedia.org/wiki/Hurricane_Carmen
1975,23,9,6,5,3,1,0,Gladys,https://en.wikipedia.org/wiki/Hurricane_Carmen
1976,23,10,6,4,2,0,0,Belle,https://en.wikipedia.org/wiki/Hurricane_Belle_(1976)
1977,16,6,5,1,1,1,1,Anita,https://en.wikipedia.org/wiki/Hurricane_Anita
1978,24,12,5,3,2,2,0,Greta,https://en.wikipedia.org/wiki/Hurricane_Greta-Olivia
1979,26,9,5,3,2,2,1,David,https://en.wikipedia.org/wiki/Hurricane_David
1980,15,11,5,5,2,1,1,Allen,https://en.wikipedia.org/wiki/Hurricane_Allen
1981,22,12,7,4,3,1,0,Harvey,https://en.wikipedia.org/wiki/1981_Atlantic_hurricane_season#Hurricane_Harvey
1982,9,6,2,1,1,1,0,Debby,https://en.wikipedia.org/wiki/Hurricane_Debby_(1982)
1983,7,4,3,1,1,0,0,Alicia,https://en.wikipedia.org/wiki/Hurricane_Alicia
1984,20,13,5,2,1,1,0,Diana,https://en.wikipedia.org/wiki/Hurricane_Diana_(1984)
1985,14,11,7,3,3,1,0,Gloria,https://en.wikipedia.org/wiki/Hurricane_Gloria
1986,10,6,4,1,0,0,0,Earl,https://en.wikipedia.org/wiki/1986_Atlantic_hurricane_season#Hurricane_Earl
1987,14,7,3,1,1,0,0,Emily,https://en.wikipedia.org/wiki/Hurricane_Emily_(1987)
1988,19,12,5,3,3,3,1,Gilbert,https://en.wikipedia.org/wiki/Hurricane_Gilbert
1989,15,11,7,4,2,2,1,Hugo,https://en.wikipedia.org/wiki/Hurricane_Hugo
1990,16,14,8,2,1,0,0,Gustav,https://en.wikipedia.org/wiki/Hurricane_Gustav_(1990)
1991,12,8,4,3,2,1,0,Claudette,https://en.wikipedia.org/wiki/1991_Atlantic_hurricane_season#Hurricane_Claudette
1992,10,7,4,3,1,1,1,Andrew,https://en.wikipedia.org/wiki/Hurricane_Andrew
1993,10,8,4,2,1,0,0,Emily,https://en.wikipedia.org/wiki/Hurricane_Emily_(1993)
1994,12,7,3,1,0,0,0,Florence,https://en.wikipedia.org/wiki/Hurricane_Florence_(1994)
1995,21,19,11,8,5,3,0,Opal,https://en.wikipedia.org/wiki/Hurricane_Opal
1996,13,13,9,6,6,2,0,Edouard,https://en.wikipedia.org/wiki/Hurricane_Edouard_(1996)
1997,9,8,3,1,1,0,0,Erika,https://en.wikipedia.org/wiki/Hurricane_Erika_(1997)
1998,14,14,10,7,3,2,1,Mitch,https://en.wikipedia.org/wiki/Hurricane_Mitch
1999,16,12,8,8,5,5,0,Floyd,https://en.wikipedia.org/wiki/Hurricane_Floyd
2000,19,15,8,4,3,2,0,Keith,https://en.wikipedia.org/wiki/Hurricane_Keith
2001,17,15,9,5,4,2,0,Michelle,https://en.wikipedia.org/wiki/Hurricane_Michelle
2002,14,12,4,3,2,1,0,Isidore,https://en.wikipedia.org/wiki/Hurricane_Isidore
2003,21,16,7,4,3,2,1,Isabel,https://en.wikipedia.org/wiki/Hurricane_Isabel
2004,16,15,9,7,6,4,1,Ivan,https://en.wikipedia.org/wiki/Hurricane_Ivan
2005,31,28,15,8,7,5,4,Wilma,https://en.wikipedia.org/wiki/Hurricane_Wilma
2006,10,10,5,2,2,0,0,Gordon,https://en.wikipedia.org/wiki/Hurricane_Gordon_(2006)
2007,17,15,6,2,2,2,2,Dean,https://en.wikipedia.org/wiki/Hurricane_Dean
2008,17,16,8,6,5,4,0,Ike,https://en.wikipedia.org/wiki/Hurricane_Ike
2009,11,9,3,3,2,1,0,Bill,https://en.wikipedia.org/wiki/Hurricane_Bill_(2009)
2010,21,19,12,9,5,4,0,Igor,https://en.wikipedia.org/wiki/Hurricane_Igor
2011,20,19,7,4,4,2,0,Ophelia,https://en.wikipedia.org/wiki/Hurricane_Ophelia_(2011)
2012,19,19,10,5,2,0,0,Sandy,https://en.wikipedia.org/wiki/Hurricane_Sandy
2013,15,14,2,0,0,0,0,Humberto,https://en.wikipedia.org/wiki/2013_Atlantic_hurricane_season#Hurricane_Humberto
2014,9,8,6,3,2,1,0,Gonzalo,https://en.wikipedia.org/wiki/Hurricane_Gonzalo
2015,12,11,4,2,2,1,0,Joaquin,https://en.wikipedia.org/wiki/Hurricane_Joaquin
2016,16,15,7,4,4,2,1,Matthew,https://en.wikipedia.org/wiki/Hurricane_Matthew
2017,18,17,10,8,6,4,2,Maria,https://en.wikipedia.org/wiki/Hurricane_Maria
2018,16,15,8,5,2,2,1,Michael,https://en.wikipedia.org/wiki/Hurricane_Michael
